<keymap version="1" name="Mac OS X 10.5+ copy" parent="Mac OS X 10.5+">
  <action id="ActivateFavoritesToolWindow" />
  <action id="ActivateFindToolWindow" />
  <action id="ActivateProjectToolWindow">
    <keyboard-shortcut first-keystroke="meta back_quote" />
  </action>
  <action id="ActivateRunToolWindow" />
  <action id="Back">
    <keyboard-shortcut first-keystroke="meta alt left" />
    <mouse-shortcut keystroke="button4" />
    <keyboard-shortcut first-keystroke="meta back_slash" />
  </action>
  <action id="CallHierarchy">
    <keyboard-shortcut first-keystroke="ctrl alt h" />
    <keyboard-shortcut first-keystroke="meta 3" />
  </action>
  <action id="CodeCompletion">
    <keyboard-shortcut first-keystroke="ctrl space" />
    <keyboard-shortcut first-keystroke="shift space" />
  </action>
  <action id="CompareTwoFiles" />
  <action id="Debug" />
  <action id="Diff.PrevChange">
    <keyboard-shortcut first-keystroke="shift meta open_bracket" />
    <keyboard-shortcut first-keystroke="ctrl left" />
  </action>
  <action id="DomCollectionControl.Edit">
    <keyboard-shortcut first-keystroke="meta down" />
    <keyboard-shortcut first-keystroke="f4" />
  </action>
  <action id="DomElementsTreeView.GotoDomElementDeclarationAction">
    <keyboard-shortcut first-keystroke="meta down" />
    <keyboard-shortcut first-keystroke="f4" />
  </action>
  <action id="DuplicatesForm.SendToLeft" />
  <action id="DuplicatesForm.SendToRight" />
  <action id="Editor Paste">
    <keyboard-shortcut first-keystroke="meta v" />
  </action>
  <action id="EditorAddOrRemoveCaret" />
  <action id="EditorBackSpace">
    <keyboard-shortcut first-keystroke="back_space" />
    <keyboard-shortcut first-keystroke="shift back_space" />
    <keyboard-shortcut first-keystroke="ctrl h" />
  </action>
  <action id="EditorDelete">
    <keyboard-shortcut first-keystroke="delete" />
    <keyboard-shortcut first-keystroke="ctrl d" />
  </action>
  <action id="EditorDeleteLine">
    <keyboard-shortcut first-keystroke="meta back_space" />
    <keyboard-shortcut first-keystroke="meta d" />
  </action>
  <action id="EditorDuplicate" />
  <action id="EditorToggleUseSoftWraps">
    <keyboard-shortcut first-keystroke="shift meta s" />
  </action>
  <action id="ExternalSystem.OpenConfig">
    <keyboard-shortcut first-keystroke="meta down" />
    <keyboard-shortcut first-keystroke="f4" />
  </action>
  <action id="FileChooser.GotoDesktop" />
  <action id="FileChooser.GotoHome" />
  <action id="FileChooser.GotoModule" />
  <action id="FileChooser.GotoProject" />
  <action id="FileStructurePopup">
    <keyboard-shortcut first-keystroke="meta f12" />
    <keyboard-shortcut first-keystroke="ctrl slash" />
  </action>
  <action id="FindInPath">
    <keyboard-shortcut first-keystroke="meta g" />
  </action>
  <action id="FindNext" />
  <action id="Forward">
    <keyboard-shortcut first-keystroke="meta alt right" />
    <mouse-shortcut keystroke="button5" />
  </action>
  <action id="GotoDeclaration">
    <keyboard-shortcut first-keystroke="meta b" />
    <mouse-shortcut keystroke="meta button1" />
    <mouse-shortcut keystroke="button2" />
    <keyboard-shortcut first-keystroke="meta 2" />
  </action>
  <action id="GotoFile" />
  <action id="GuiDesigner.Duplicate" />
  <action id="HideActiveWindow" />
  <action id="IntroduceParameter" />
  <action id="Macro.format_and_indent">
    <keyboard-shortcut first-keystroke="meta s" />
  </action>
  <action id="MethodDown">
    <keyboard-shortcut first-keystroke="ctrl down" />
    <keyboard-shortcut first-keystroke="ctrl m" />
  </action>
  <action id="MethodUp">
    <keyboard-shortcut first-keystroke="ctrl up" />
    <keyboard-shortcut first-keystroke="shift ctrl m" />
  </action>
  <action id="NextProjectWindow" />
  <action id="NextSplitter">
    <keyboard-shortcut first-keystroke="alt tab" />
    <keyboard-shortcut first-keystroke="ctrl back_slash" />
    <keyboard-shortcut first-keystroke="ctrl close_bracket" />
  </action>
  <action id="NextTab">
    <keyboard-shortcut first-keystroke="shift meta close_bracket" />
    <keyboard-shortcut first-keystroke="ctrl right" />
    <keyboard-shortcut first-keystroke="meta close_bracket" />
  </action>
  <action id="OpenModuleSettings">
    <keyboard-shortcut first-keystroke="meta down" />
    <keyboard-shortcut first-keystroke="f4" />
  </action>
  <action id="OptimizeImports">
    <keyboard-shortcut first-keystroke="ctrl alt o" />
    <keyboard-shortcut first-keystroke="shift meta o" />
  </action>
  <action id="PrevSplitter">
    <keyboard-shortcut first-keystroke="shift alt tab" />
    <keyboard-shortcut first-keystroke="ctrl open_bracket" />
  </action>
  <action id="PreviousTab">
    <keyboard-shortcut first-keystroke="shift meta open_bracket" />
    <keyboard-shortcut first-keystroke="ctrl left" />
    <keyboard-shortcut first-keystroke="meta open_bracket" />
  </action>
  <action id="ReformatCode">
    <keyboard-shortcut first-keystroke="meta alt l" />
    <keyboard-shortcut first-keystroke="shift meta f" />
  </action>
  <action id="Run">
    <keyboard-shortcut first-keystroke="ctrl r" />
    <keyboard-shortcut first-keystroke="shift meta f11" />
  </action>
  <action id="SaveAll" />
  <action id="Scala.ShowImplicits">
    <keyboard-shortcut first-keystroke="shift ctrl alt equals" />
    <keyboard-shortcut first-keystroke="shift ctrl alt add" />
  </action>
  <action id="SearchEverywhere">
    <keyboard-shortcut first-keystroke="meta 4" />
  </action>
  <action id="SendEOF" />
  <action id="ShowIntentionActions">
    <keyboard-shortcut first-keystroke="meta 1" />
  </action>
  <action id="SplitVertically">
    <keyboard-shortcut first-keystroke="shift meta back_slash" />
  </action>
  <action id="SwitchApply">
    <keyboard-shortcut first-keystroke="ctrl alt enter" />
  </action>
  <action id="SwitchDown">
    <keyboard-shortcut first-keystroke="ctrl alt down" />
  </action>
  <action id="SwitchLeft">
    <keyboard-shortcut first-keystroke="ctrl alt left" />
  </action>
  <action id="SwitchRight">
    <keyboard-shortcut first-keystroke="ctrl alt right" />
  </action>
  <action id="SwitchUp">
    <keyboard-shortcut first-keystroke="ctrl alt up" />
  </action>
  <action id="TypeHierarchy" />
  <action id="Vcs.ShowMessageHistory">
    <keyboard-shortcut first-keystroke="meta e" />
  </action>
  <action id="XDebugger.JumpToSource">
    <keyboard-shortcut first-keystroke="shift meta 2" />
  </action>
</keymap>