<keymap version="1" name="Mac OS X vim US" parent="Mac OS X">
  <action id="ActivateFavoritesToolWindow" />
  <action id="ActivateFindToolWindow" />
  <action id="ActivateProjectToolWindow" />
  <action id="ActivateRunToolWindow" />
  <action id="CallHierarchy">
    <keyboard-shortcut first-keystroke="ctrl alt h" />
    <keyboard-shortcut first-keystroke="meta 4" />
  </action>
  <action id="DuplicatesForm.SendToLeft" />
  <action id="DuplicatesForm.SendToRight" />
  <action id="EditSource">
    <keyboard-shortcut first-keystroke="f4" />
    <keyboard-shortcut first-keystroke="meta 2" />
  </action>
  <action id="EditorCodeBlockEnd" />
  <action id="EditorCodeBlockStart" />
  <action id="FileChooser.GotoHome" />
  <action id="FileChooser.GotoModule" />
  <action id="FileChooser.GotoProject" />
  <action id="OptimizeImports">
    <keyboard-shortcut first-keystroke="shift meta o" />
  </action>
  <action id="ReformatCode">
    <keyboard-shortcut first-keystroke="shift meta f" />
  </action>
  <action id="SearchEverywhere">
    <keyboard-shortcut first-keystroke="meta 3" />
  </action>
  <action id="ShowIntentionActions">
    <keyboard-shortcut first-keystroke="alt enter" />
    <keyboard-shortcut first-keystroke="meta 1" />
  </action>
  <action id="SwitchApply">
    <keyboard-shortcut first-keystroke="ctrl alt enter" />
  </action>
  <action id="SwitchDown">
    <keyboard-shortcut first-keystroke="ctrl alt down" />
  </action>
  <action id="SwitchLeft">
    <keyboard-shortcut first-keystroke="ctrl alt left" />
  </action>
  <action id="SwitchRight">
    <keyboard-shortcut first-keystroke="ctrl alt right" />
  </action>
  <action id="SwitchUp">
    <keyboard-shortcut first-keystroke="ctrl alt up" />
  </action>
  <action id="TypeHierarchy" />
  <action id="VimMotionNextTab">
    <keyboard-shortcut first-keystroke="meta close_bracket" />
  </action>
  <action id="VimMotionPreviousTab">
    <keyboard-shortcut first-keystroke="meta open_bracket" />
  </action>
</keymap>