<application>
  <component name="DebuggerSettings">
    <option name="SHOW_ALTERNATIVE_SOURCE" value="false" />
    <option name="RUN_HOTSWAP_AFTER_COMPILE" value="RunHotswapAlways" />
  </component>
  <component name="NodeRendererSettings">
    <Renderer ID="ClassRenderer">
      <option name="SHOW_STATIC" value="true" />
      <option name="SHOW_STATIC_FINAL" value="true" />
      <option name="SHOW_DECLARED_TYPE" value="true" />
      <option name="SHOW_STRINGS_TYPE" value="true" />
    </Renderer>
  </component>
  <component name="ThreadsViewSettings">
    <option name="SHOW_SYNTHETIC_FRAMES" value="false" />
    <option name="SHOW_CURRENT_THREAD" value="false" />
  </component>
  <component name="XDebuggerSettings">
    <data-views />
    <general />
  </component>
</application>