<application>
  <component name="ProjectJdkTable">
    <jdk version="2">
      <name value="1.8" />
      <type value="JavaSDK" />
      <version value="java version &quot;1.8.0_192&quot;" />
      <homePath value="/Library/Java/JavaVirtualMachines/jdk1.8.0_192.jdk/Contents/Home" />
      <roots>
        <annotationsPath>
          <root type="composite">
            <root url="jar://$APPLICATION_HOME_DIR$/lib/jdkAnnotations.jar!/" type="simple" />
          </root>
        </annotationsPath>
        <classPath>
          <root type="composite">
            <root url="jar:///Library/Java/JavaVirtualMachines/jdk1.8.0_192.jdk/Contents/Home/jre/lib/charsets.jar!/" type="simple" />
            <root url="jar:///Library/Java/JavaVirtualMachines/jdk1.8.0_192.jdk/Contents/Home/jre/lib/deploy.jar!/" type="simple" />
            <root url="jar:///Library/Java/JavaVirtualMachines/jdk1.8.0_192.jdk/Contents/Home/jre/lib/ext/cldrdata.jar!/" type="simple" />
            <root url="jar:///Library/Java/JavaVirtualMachines/jdk1.8.0_192.jdk/Contents/Home/jre/lib/ext/dnsns.jar!/" type="simple" />
            <root url="jar:///Library/Java/JavaVirtualMachines/jdk1.8.0_192.jdk/Contents/Home/jre/lib/ext/jaccess.jar!/" type="simple" />
            <root url="jar:///Library/Java/JavaVirtualMachines/jdk1.8.0_192.jdk/Contents/Home/jre/lib/ext/jfxrt.jar!/" type="simple" />
            <root url="jar:///Library/Java/JavaVirtualMachines/jdk1.8.0_192.jdk/Contents/Home/jre/lib/ext/localedata.jar!/" type="simple" />
            <root url="jar:///Library/Java/JavaVirtualMachines/jdk1.8.0_192.jdk/Contents/Home/jre/lib/ext/nashorn.jar!/" type="simple" />
            <root url="jar:///Library/Java/JavaVirtualMachines/jdk1.8.0_192.jdk/Contents/Home/jre/lib/ext/sunec.jar!/" type="simple" />
            <root url="jar:///Library/Java/JavaVirtualMachines/jdk1.8.0_192.jdk/Contents/Home/jre/lib/ext/sunjce_provider.jar!/" type="simple" />
            <root url="jar:///Library/Java/JavaVirtualMachines/jdk1.8.0_192.jdk/Contents/Home/jre/lib/ext/sunpkcs11.jar!/" type="simple" />
            <root url="jar:///Library/Java/JavaVirtualMachines/jdk1.8.0_192.jdk/Contents/Home/jre/lib/ext/zipfs.jar!/" type="simple" />
            <root url="jar:///Library/Java/JavaVirtualMachines/jdk1.8.0_192.jdk/Contents/Home/jre/lib/javaws.jar!/" type="simple" />
            <root url="jar:///Library/Java/JavaVirtualMachines/jdk1.8.0_192.jdk/Contents/Home/jre/lib/jce.jar!/" type="simple" />
            <root url="jar:///Library/Java/JavaVirtualMachines/jdk1.8.0_192.jdk/Contents/Home/jre/lib/jfr.jar!/" type="simple" />
            <root url="jar:///Library/Java/JavaVirtualMachines/jdk1.8.0_192.jdk/Contents/Home/jre/lib/jfxswt.jar!/" type="simple" />
            <root url="jar:///Library/Java/JavaVirtualMachines/jdk1.8.0_192.jdk/Contents/Home/jre/lib/jsse.jar!/" type="simple" />
            <root url="jar:///Library/Java/JavaVirtualMachines/jdk1.8.0_192.jdk/Contents/Home/jre/lib/management-agent.jar!/" type="simple" />
            <root url="jar:///Library/Java/JavaVirtualMachines/jdk1.8.0_192.jdk/Contents/Home/jre/lib/plugin.jar!/" type="simple" />
            <root url="jar:///Library/Java/JavaVirtualMachines/jdk1.8.0_192.jdk/Contents/Home/jre/lib/resources.jar!/" type="simple" />
            <root url="jar:///Library/Java/JavaVirtualMachines/jdk1.8.0_192.jdk/Contents/Home/jre/lib/rt.jar!/" type="simple" />
            <root url="jar:///Library/Java/JavaVirtualMachines/jdk1.8.0_192.jdk/Contents/Home/lib/ant-javafx.jar!/" type="simple" />
            <root url="jar:///Library/Java/JavaVirtualMachines/jdk1.8.0_192.jdk/Contents/Home/lib/dt.jar!/" type="simple" />
            <root url="jar:///Library/Java/JavaVirtualMachines/jdk1.8.0_192.jdk/Contents/Home/lib/javafx-mx.jar!/" type="simple" />
            <root url="jar:///Library/Java/JavaVirtualMachines/jdk1.8.0_192.jdk/Contents/Home/lib/jconsole.jar!/" type="simple" />
            <root url="jar:///Library/Java/JavaVirtualMachines/jdk1.8.0_192.jdk/Contents/Home/lib/packager.jar!/" type="simple" />
            <root url="jar:///Library/Java/JavaVirtualMachines/jdk1.8.0_192.jdk/Contents/Home/lib/sa-jdi.jar!/" type="simple" />
            <root url="jar:///Library/Java/JavaVirtualMachines/jdk1.8.0_192.jdk/Contents/Home/lib/tools.jar!/" type="simple" />
          </root>
        </classPath>
        <javadocPath>
          <root type="composite" />
        </javadocPath>
        <sourcePath>
          <root type="composite">
            <root url="jar:///Library/Java/JavaVirtualMachines/jdk1.8.0_192.jdk/Contents/Home/src.zip!/" type="simple" />
            <root url="jar:///Library/Java/JavaVirtualMachines/jdk1.8.0_192.jdk/Contents/Home/javafx-src.zip!/" type="simple" />
          </root>
        </sourcePath>
      </roots>
      <additional />
    </jdk>
    <jdk version="2">
      <name value="rbenv: 2.2.3" />
      <type value="RUBY_SDK" />
      <version value="ver.2.2.3p173 ( revision 51636) p173" />
      <homePath value="$USER_HOME$/.anyenv/envs/rbenv/versions/2.2.3/bin/ruby" />
      <roots>
        <annotationsPath>
          <root type="composite" />
        </annotationsPath>
        <classPath>
          <root type="composite">
            <root url="file://$USER_HOME$/.anyenv/envs/rbenv/rbenv.d/exec/gem-rehash" type="simple" />
            <root url="file://$USER_HOME$/.anyenv/envs/rbenv/versions/2.2.3/lib/ruby/site_ruby/2.2.0" type="simple" />
            <root url="file://$USER_HOME$/.anyenv/envs/rbenv/versions/2.2.3/lib/ruby/site_ruby/2.2.0/x86_64-darwin14" type="simple" />
            <root url="file://$USER_HOME$/.anyenv/envs/rbenv/versions/2.2.3/lib/ruby/site_ruby" type="simple" />
            <root url="file://$USER_HOME$/.anyenv/envs/rbenv/versions/2.2.3/lib/ruby/vendor_ruby/2.2.0" type="simple" />
            <root url="file://$USER_HOME$/.anyenv/envs/rbenv/versions/2.2.3/lib/ruby/vendor_ruby/2.2.0/x86_64-darwin14" type="simple" />
            <root url="file://$USER_HOME$/.anyenv/envs/rbenv/versions/2.2.3/lib/ruby/vendor_ruby" type="simple" />
            <root url="file://$USER_HOME$/.anyenv/envs/rbenv/versions/2.2.3/lib/ruby/2.2.0" type="simple" />
            <root url="file://$USER_HOME$/.anyenv/envs/rbenv/versions/2.2.3/lib/ruby/2.2.0/x86_64-darwin14" type="simple" />
            <root url="file://$APPLICATION_PLUGINS_DIR$/ruby/rubystubs/rubystubs22" type="simple" />
          </root>
        </classPath>
        <javadocPath>
          <root type="composite" />
        </javadocPath>
        <sourcePath>
          <root type="composite">
            <root url="file://$USER_HOME$/.anyenv/envs/rbenv/rbenv.d/exec/gem-rehash" type="simple" />
            <root url="file://$USER_HOME$/.anyenv/envs/rbenv/versions/2.2.3/lib/ruby/site_ruby/2.2.0" type="simple" />
            <root url="file://$USER_HOME$/.anyenv/envs/rbenv/versions/2.2.3/lib/ruby/site_ruby/2.2.0/x86_64-darwin14" type="simple" />
            <root url="file://$USER_HOME$/.anyenv/envs/rbenv/versions/2.2.3/lib/ruby/site_ruby" type="simple" />
            <root url="file://$USER_HOME$/.anyenv/envs/rbenv/versions/2.2.3/lib/ruby/vendor_ruby/2.2.0" type="simple" />
            <root url="file://$USER_HOME$/.anyenv/envs/rbenv/versions/2.2.3/lib/ruby/vendor_ruby/2.2.0/x86_64-darwin14" type="simple" />
            <root url="file://$USER_HOME$/.anyenv/envs/rbenv/versions/2.2.3/lib/ruby/vendor_ruby" type="simple" />
            <root url="file://$USER_HOME$/.anyenv/envs/rbenv/versions/2.2.3/lib/ruby/2.2.0" type="simple" />
            <root url="file://$USER_HOME$/.anyenv/envs/rbenv/versions/2.2.3/lib/ruby/2.2.0/x86_64-darwin14" type="simple" />
            <root url="file://$APPLICATION_PLUGINS_DIR$/ruby/rubystubs/rubystubs22" type="simple" />
          </root>
        </sourcePath>
      </roots>
      <additional NORMALIZED_VERSION_STRING="ver.2.2.3p173 ( revision 51636) p173" GEMS_BIN_DIR_PATH="$USER_HOME$/.anyenv/envs/rbenv/versions/2.2.3/bin">
        <VERSION_MANAGER ID="rbenv">
          <option name="gemset-name" />
          <distribution-id>2.2.3</distribution-id>
          <version-manager-path>$USER_HOME$/.rbenv/bin/rbenv</version-manager-path>
        </VERSION_MANAGER>
      </additional>
    </jdk>
    <jdk version="2">
      <name value="rbenv: 2.6.3" />
      <type value="RUBY_SDK" />
      <version value="ver.2.6.3p62 ( revision 67580) p62" />
      <homePath value="$USER_HOME$/.anyenv/envs/rbenv/versions/2.6.3/bin/ruby" />
      <roots>
        <annotationsPath>
          <root type="composite" />
        </annotationsPath>
        <classPath>
          <root type="composite">
            <root url="file://$USER_HOME$/.anyenv/envs/rbenv/rbenv.d/exec/gem-rehash" type="simple" />
            <root url="file://$USER_HOME$/.anyenv/envs/rbenv/versions/2.6.3/lib/ruby/gems/2.6.0/gems/did_you_mean-1.3.0/lib" type="simple" />
            <root url="file://$USER_HOME$/.anyenv/envs/rbenv/versions/2.6.3/lib/ruby/site_ruby/2.6.0" type="simple" />
            <root url="file://$USER_HOME$/.anyenv/envs/rbenv/versions/2.6.3/lib/ruby/site_ruby/2.6.0/x86_64-darwin18" type="simple" />
            <root url="file://$USER_HOME$/.anyenv/envs/rbenv/versions/2.6.3/lib/ruby/site_ruby" type="simple" />
            <root url="file://$USER_HOME$/.anyenv/envs/rbenv/versions/2.6.3/lib/ruby/vendor_ruby/2.6.0" type="simple" />
            <root url="file://$USER_HOME$/.anyenv/envs/rbenv/versions/2.6.3/lib/ruby/vendor_ruby/2.6.0/x86_64-darwin18" type="simple" />
            <root url="file://$USER_HOME$/.anyenv/envs/rbenv/versions/2.6.3/lib/ruby/vendor_ruby" type="simple" />
            <root url="file://$USER_HOME$/.anyenv/envs/rbenv/versions/2.6.3/lib/ruby/2.6.0" type="simple" />
            <root url="file://$USER_HOME$/.anyenv/envs/rbenv/versions/2.6.3/lib/ruby/2.6.0/x86_64-darwin18" type="simple" />
            <root url="file://$APPLICATION_PLUGINS_DIR$/ruby/rubystubs/rubystubs26" type="simple" />
          </root>
        </classPath>
        <javadocPath>
          <root type="composite" />
        </javadocPath>
        <sourcePath>
          <root type="composite">
            <root url="file://$USER_HOME$/.anyenv/envs/rbenv/rbenv.d/exec/gem-rehash" type="simple" />
            <root url="file://$USER_HOME$/.anyenv/envs/rbenv/versions/2.6.3/lib/ruby/gems/2.6.0/gems/did_you_mean-1.3.0/lib" type="simple" />
            <root url="file://$USER_HOME$/.anyenv/envs/rbenv/versions/2.6.3/lib/ruby/site_ruby/2.6.0" type="simple" />
            <root url="file://$USER_HOME$/.anyenv/envs/rbenv/versions/2.6.3/lib/ruby/site_ruby/2.6.0/x86_64-darwin18" type="simple" />
            <root url="file://$USER_HOME$/.anyenv/envs/rbenv/versions/2.6.3/lib/ruby/site_ruby" type="simple" />
            <root url="file://$USER_HOME$/.anyenv/envs/rbenv/versions/2.6.3/lib/ruby/vendor_ruby/2.6.0" type="simple" />
            <root url="file://$USER_HOME$/.anyenv/envs/rbenv/versions/2.6.3/lib/ruby/vendor_ruby/2.6.0/x86_64-darwin18" type="simple" />
            <root url="file://$USER_HOME$/.anyenv/envs/rbenv/versions/2.6.3/lib/ruby/vendor_ruby" type="simple" />
            <root url="file://$USER_HOME$/.anyenv/envs/rbenv/versions/2.6.3/lib/ruby/2.6.0" type="simple" />
            <root url="file://$USER_HOME$/.anyenv/envs/rbenv/versions/2.6.3/lib/ruby/2.6.0/x86_64-darwin18" type="simple" />
            <root url="file://$APPLICATION_PLUGINS_DIR$/ruby/rubystubs/rubystubs26" type="simple" />
          </root>
        </sourcePath>
      </roots>
      <additional NORMALIZED_VERSION_STRING="ver.2.6.3p62 ( revision 67580) p62" GEMS_BIN_DIR_PATH="$USER_HOME$/.anyenv/envs/rbenv/versions/2.6.3/bin">
        <VERSION_MANAGER ID="rbenv">
          <option name="gemset-name" />
          <distribution-id>2.6.3</distribution-id>
          <version-manager-path>$USER_HOME$/.rbenv/bin/rbenv</version-manager-path>
        </VERSION_MANAGER>
      </additional>
    </jdk>
    <jdk version="2">
      <name value="rbenv: 2.1.5" />
      <type value="RUBY_SDK" />
      <version value="ver.2.1.5p273 ( revision 48405) p273" />
      <homePath value="$USER_HOME$/.anyenv/envs/rbenv/versions/2.1.5/bin/ruby" />
      <roots>
        <annotationsPath>
          <root type="composite" />
        </annotationsPath>
        <classPath>
          <root type="composite">
            <root url="file://$USER_HOME$/.anyenv/envs/rbenv/rbenv.d/exec/gem-rehash" type="simple" />
            <root url="file://$USER_HOME$/.anyenv/envs/rbenv/versions/2.1.5/lib/ruby/site_ruby/2.1.0" type="simple" />
            <root url="file://$USER_HOME$/.anyenv/envs/rbenv/versions/2.1.5/lib/ruby/site_ruby/2.1.0/x86_64-darwin15.0" type="simple" />
            <root url="file://$USER_HOME$/.anyenv/envs/rbenv/versions/2.1.5/lib/ruby/site_ruby" type="simple" />
            <root url="file://$USER_HOME$/.anyenv/envs/rbenv/versions/2.1.5/lib/ruby/vendor_ruby/2.1.0" type="simple" />
            <root url="file://$USER_HOME$/.anyenv/envs/rbenv/versions/2.1.5/lib/ruby/vendor_ruby/2.1.0/x86_64-darwin15.0" type="simple" />
            <root url="file://$USER_HOME$/.anyenv/envs/rbenv/versions/2.1.5/lib/ruby/vendor_ruby" type="simple" />
            <root url="file://$USER_HOME$/.anyenv/envs/rbenv/versions/2.1.5/lib/ruby/2.1.0" type="simple" />
            <root url="file://$USER_HOME$/.anyenv/envs/rbenv/versions/2.1.5/lib/ruby/2.1.0/x86_64-darwin15.0" type="simple" />
            <root url="file://$APPLICATION_PLUGINS_DIR$/ruby/rubystubs/rubystubs21" type="simple" />
          </root>
        </classPath>
        <javadocPath>
          <root type="composite" />
        </javadocPath>
        <sourcePath>
          <root type="composite">
            <root url="file://$USER_HOME$/.anyenv/envs/rbenv/rbenv.d/exec/gem-rehash" type="simple" />
            <root url="file://$USER_HOME$/.anyenv/envs/rbenv/versions/2.1.5/lib/ruby/site_ruby/2.1.0" type="simple" />
            <root url="file://$USER_HOME$/.anyenv/envs/rbenv/versions/2.1.5/lib/ruby/site_ruby/2.1.0/x86_64-darwin15.0" type="simple" />
            <root url="file://$USER_HOME$/.anyenv/envs/rbenv/versions/2.1.5/lib/ruby/site_ruby" type="simple" />
            <root url="file://$USER_HOME$/.anyenv/envs/rbenv/versions/2.1.5/lib/ruby/vendor_ruby/2.1.0" type="simple" />
            <root url="file://$USER_HOME$/.anyenv/envs/rbenv/versions/2.1.5/lib/ruby/vendor_ruby/2.1.0/x86_64-darwin15.0" type="simple" />
            <root url="file://$USER_HOME$/.anyenv/envs/rbenv/versions/2.1.5/lib/ruby/vendor_ruby" type="simple" />
            <root url="file://$USER_HOME$/.anyenv/envs/rbenv/versions/2.1.5/lib/ruby/2.1.0" type="simple" />
            <root url="file://$USER_HOME$/.anyenv/envs/rbenv/versions/2.1.5/lib/ruby/2.1.0/x86_64-darwin15.0" type="simple" />
            <root url="file://$APPLICATION_PLUGINS_DIR$/ruby/rubystubs/rubystubs21" type="simple" />
          </root>
        </sourcePath>
      </roots>
      <additional NORMALIZED_VERSION_STRING="ver.2.1.5p273 ( revision 48405) p273" GEMS_BIN_DIR_PATH="$USER_HOME$/.anyenv/envs/rbenv/versions/2.1.5/bin">
        <VERSION_MANAGER ID="rbenv">
          <option name="gemset-name" />
          <distribution-id>2.1.5</distribution-id>
          <version-manager-path>$USER_HOME$/.rbenv/bin/rbenv</version-manager-path>
        </VERSION_MANAGER>
      </additional>
    </jdk>
    <jdk version="2">
      <name value="rbenv: 2.2.3" />
      <type value="RUBY_SDK" />
      <version value="ver.2.2.3p173 ( revision 51636) p173" />
      <homePath value="$USER_HOME$/.anyenv/envs/rbenv/versions/2.2.3/bin/ruby" />
      <roots>
        <annotationsPath>
          <root type="composite" />
        </annotationsPath>
        <classPath>
          <root type="composite">
            <root url="file://$USER_HOME$/.anyenv/envs/rbenv/rbenv.d/exec/gem-rehash" type="simple" />
            <root url="file://$USER_HOME$/.anyenv/envs/rbenv/versions/2.2.3/lib/ruby/site_ruby/2.2.0" type="simple" />
            <root url="file://$USER_HOME$/.anyenv/envs/rbenv/versions/2.2.3/lib/ruby/site_ruby/2.2.0/x86_64-darwin14" type="simple" />
            <root url="file://$USER_HOME$/.anyenv/envs/rbenv/versions/2.2.3/lib/ruby/site_ruby" type="simple" />
            <root url="file://$USER_HOME$/.anyenv/envs/rbenv/versions/2.2.3/lib/ruby/vendor_ruby/2.2.0" type="simple" />
            <root url="file://$USER_HOME$/.anyenv/envs/rbenv/versions/2.2.3/lib/ruby/vendor_ruby/2.2.0/x86_64-darwin14" type="simple" />
            <root url="file://$USER_HOME$/.anyenv/envs/rbenv/versions/2.2.3/lib/ruby/vendor_ruby" type="simple" />
            <root url="file://$USER_HOME$/.anyenv/envs/rbenv/versions/2.2.3/lib/ruby/2.2.0" type="simple" />
            <root url="file://$USER_HOME$/.anyenv/envs/rbenv/versions/2.2.3/lib/ruby/2.2.0/x86_64-darwin14" type="simple" />
            <root url="file://$APPLICATION_PLUGINS_DIR$/ruby/rubystubs/rubystubs22" type="simple" />
          </root>
        </classPath>
        <javadocPath>
          <root type="composite" />
        </javadocPath>
        <sourcePath>
          <root type="composite">
            <root url="file://$USER_HOME$/.anyenv/envs/rbenv/rbenv.d/exec/gem-rehash" type="simple" />
            <root url="file://$USER_HOME$/.anyenv/envs/rbenv/versions/2.2.3/lib/ruby/site_ruby/2.2.0" type="simple" />
            <root url="file://$USER_HOME$/.anyenv/envs/rbenv/versions/2.2.3/lib/ruby/site_ruby/2.2.0/x86_64-darwin14" type="simple" />
            <root url="file://$USER_HOME$/.anyenv/envs/rbenv/versions/2.2.3/lib/ruby/site_ruby" type="simple" />
            <root url="file://$USER_HOME$/.anyenv/envs/rbenv/versions/2.2.3/lib/ruby/vendor_ruby/2.2.0" type="simple" />
            <root url="file://$USER_HOME$/.anyenv/envs/rbenv/versions/2.2.3/lib/ruby/vendor_ruby/2.2.0/x86_64-darwin14" type="simple" />
            <root url="file://$USER_HOME$/.anyenv/envs/rbenv/versions/2.2.3/lib/ruby/vendor_ruby" type="simple" />
            <root url="file://$USER_HOME$/.anyenv/envs/rbenv/versions/2.2.3/lib/ruby/2.2.0" type="simple" />
            <root url="file://$USER_HOME$/.anyenv/envs/rbenv/versions/2.2.3/lib/ruby/2.2.0/x86_64-darwin14" type="simple" />
            <root url="file://$APPLICATION_PLUGINS_DIR$/ruby/rubystubs/rubystubs22" type="simple" />
          </root>
        </sourcePath>
      </roots>
      <additional NORMALIZED_VERSION_STRING="ver.2.2.3p173 ( revision 51636) p173" GEMS_BIN_DIR_PATH="$USER_HOME$/.anyenv/envs/rbenv/versions/2.2.3/bin">
        <VERSION_MANAGER ID="rbenv">
          <option name="gemset-name" />
          <distribution-id>2.2.3</distribution-id>
          <version-manager-path>$USER_HOME$/.rbenv/bin/rbenv</version-manager-path>
        </VERSION_MANAGER>
      </additional>
    </jdk>
    <jdk version="2">
      <name value="rbenv: 2.6.3" />
      <type value="RUBY_SDK" />
      <version value="ver.2.6.3p62 ( revision 67580) p62" />
      <homePath value="$USER_HOME$/.anyenv/envs/rbenv/versions/2.6.3/bin/ruby" />
      <roots>
        <annotationsPath>
          <root type="composite" />
        </annotationsPath>
        <classPath>
          <root type="composite">
            <root url="file://$USER_HOME$/.anyenv/envs/rbenv/rbenv.d/exec/gem-rehash" type="simple" />
            <root url="file://$USER_HOME$/.anyenv/envs/rbenv/versions/2.6.3/lib/ruby/gems/2.6.0/gems/did_you_mean-1.3.0/lib" type="simple" />
            <root url="file://$USER_HOME$/.anyenv/envs/rbenv/versions/2.6.3/lib/ruby/site_ruby/2.6.0" type="simple" />
            <root url="file://$USER_HOME$/.anyenv/envs/rbenv/versions/2.6.3/lib/ruby/site_ruby/2.6.0/x86_64-darwin18" type="simple" />
            <root url="file://$USER_HOME$/.anyenv/envs/rbenv/versions/2.6.3/lib/ruby/site_ruby" type="simple" />
            <root url="file://$USER_HOME$/.anyenv/envs/rbenv/versions/2.6.3/lib/ruby/vendor_ruby/2.6.0" type="simple" />
            <root url="file://$USER_HOME$/.anyenv/envs/rbenv/versions/2.6.3/lib/ruby/vendor_ruby/2.6.0/x86_64-darwin18" type="simple" />
            <root url="file://$USER_HOME$/.anyenv/envs/rbenv/versions/2.6.3/lib/ruby/vendor_ruby" type="simple" />
            <root url="file://$USER_HOME$/.anyenv/envs/rbenv/versions/2.6.3/lib/ruby/2.6.0" type="simple" />
            <root url="file://$USER_HOME$/.anyenv/envs/rbenv/versions/2.6.3/lib/ruby/2.6.0/x86_64-darwin18" type="simple" />
            <root url="file://$APPLICATION_PLUGINS_DIR$/ruby/rubystubs/rubystubs26" type="simple" />
          </root>
        </classPath>
        <javadocPath>
          <root type="composite" />
        </javadocPath>
        <sourcePath>
          <root type="composite">
            <root url="file://$USER_HOME$/.anyenv/envs/rbenv/rbenv.d/exec/gem-rehash" type="simple" />
            <root url="file://$USER_HOME$/.anyenv/envs/rbenv/versions/2.6.3/lib/ruby/gems/2.6.0/gems/did_you_mean-1.3.0/lib" type="simple" />
            <root url="file://$USER_HOME$/.anyenv/envs/rbenv/versions/2.6.3/lib/ruby/site_ruby/2.6.0" type="simple" />
            <root url="file://$USER_HOME$/.anyenv/envs/rbenv/versions/2.6.3/lib/ruby/site_ruby/2.6.0/x86_64-darwin18" type="simple" />
            <root url="file://$USER_HOME$/.anyenv/envs/rbenv/versions/2.6.3/lib/ruby/site_ruby" type="simple" />
            <root url="file://$USER_HOME$/.anyenv/envs/rbenv/versions/2.6.3/lib/ruby/vendor_ruby/2.6.0" type="simple" />
            <root url="file://$USER_HOME$/.anyenv/envs/rbenv/versions/2.6.3/lib/ruby/vendor_ruby/2.6.0/x86_64-darwin18" type="simple" />
            <root url="file://$USER_HOME$/.anyenv/envs/rbenv/versions/2.6.3/lib/ruby/vendor_ruby" type="simple" />
            <root url="file://$USER_HOME$/.anyenv/envs/rbenv/versions/2.6.3/lib/ruby/2.6.0" type="simple" />
            <root url="file://$USER_HOME$/.anyenv/envs/rbenv/versions/2.6.3/lib/ruby/2.6.0/x86_64-darwin18" type="simple" />
            <root url="file://$APPLICATION_PLUGINS_DIR$/ruby/rubystubs/rubystubs26" type="simple" />
          </root>
        </sourcePath>
      </roots>
      <additional NORMALIZED_VERSION_STRING="ver.2.6.3p62 ( revision 67580) p62" GEMS_BIN_DIR_PATH="$USER_HOME$/.anyenv/envs/rbenv/versions/2.6.3/bin">
        <VERSION_MANAGER ID="rbenv">
          <option name="gemset-name" />
          <distribution-id>2.6.3</distribution-id>
          <version-manager-path>$USER_HOME$/.rbenv/bin/rbenv</version-manager-path>
        </VERSION_MANAGER>
      </additional>
    </jdk>
    <jdk version="2">
      <name value="rbenv: 2.1.5" />
      <type value="RUBY_SDK" />
      <version value="ver.2.1.5p273 ( revision 48405) p273" />
      <homePath value="$USER_HOME$/.anyenv/envs/rbenv/versions/2.1.5/bin/ruby" />
      <roots>
        <annotationsPath>
          <root type="composite" />
        </annotationsPath>
        <classPath>
          <root type="composite">
            <root url="file://$USER_HOME$/.anyenv/envs/rbenv/rbenv.d/exec/gem-rehash" type="simple" />
            <root url="file://$USER_HOME$/.anyenv/envs/rbenv/versions/2.1.5/lib/ruby/site_ruby/2.1.0" type="simple" />
            <root url="file://$USER_HOME$/.anyenv/envs/rbenv/versions/2.1.5/lib/ruby/site_ruby/2.1.0/x86_64-darwin15.0" type="simple" />
            <root url="file://$USER_HOME$/.anyenv/envs/rbenv/versions/2.1.5/lib/ruby/site_ruby" type="simple" />
            <root url="file://$USER_HOME$/.anyenv/envs/rbenv/versions/2.1.5/lib/ruby/vendor_ruby/2.1.0" type="simple" />
            <root url="file://$USER_HOME$/.anyenv/envs/rbenv/versions/2.1.5/lib/ruby/vendor_ruby/2.1.0/x86_64-darwin15.0" type="simple" />
            <root url="file://$USER_HOME$/.anyenv/envs/rbenv/versions/2.1.5/lib/ruby/vendor_ruby" type="simple" />
            <root url="file://$USER_HOME$/.anyenv/envs/rbenv/versions/2.1.5/lib/ruby/2.1.0" type="simple" />
            <root url="file://$USER_HOME$/.anyenv/envs/rbenv/versions/2.1.5/lib/ruby/2.1.0/x86_64-darwin15.0" type="simple" />
            <root url="file://$APPLICATION_PLUGINS_DIR$/ruby/rubystubs/rubystubs21" type="simple" />
          </root>
        </classPath>
        <javadocPath>
          <root type="composite" />
        </javadocPath>
        <sourcePath>
          <root type="composite">
            <root url="file://$USER_HOME$/.anyenv/envs/rbenv/rbenv.d/exec/gem-rehash" type="simple" />
            <root url="file://$USER_HOME$/.anyenv/envs/rbenv/versions/2.1.5/lib/ruby/site_ruby/2.1.0" type="simple" />
            <root url="file://$USER_HOME$/.anyenv/envs/rbenv/versions/2.1.5/lib/ruby/site_ruby/2.1.0/x86_64-darwin15.0" type="simple" />
            <root url="file://$USER_HOME$/.anyenv/envs/rbenv/versions/2.1.5/lib/ruby/site_ruby" type="simple" />
            <root url="file://$USER_HOME$/.anyenv/envs/rbenv/versions/2.1.5/lib/ruby/vendor_ruby/2.1.0" type="simple" />
            <root url="file://$USER_HOME$/.anyenv/envs/rbenv/versions/2.1.5/lib/ruby/vendor_ruby/2.1.0/x86_64-darwin15.0" type="simple" />
            <root url="file://$USER_HOME$/.anyenv/envs/rbenv/versions/2.1.5/lib/ruby/vendor_ruby" type="simple" />
            <root url="file://$USER_HOME$/.anyenv/envs/rbenv/versions/2.1.5/lib/ruby/2.1.0" type="simple" />
            <root url="file://$USER_HOME$/.anyenv/envs/rbenv/versions/2.1.5/lib/ruby/2.1.0/x86_64-darwin15.0" type="simple" />
            <root url="file://$APPLICATION_PLUGINS_DIR$/ruby/rubystubs/rubystubs21" type="simple" />
          </root>
        </sourcePath>
      </roots>
      <additional NORMALIZED_VERSION_STRING="ver.2.1.5p273 ( revision 48405) p273" GEMS_BIN_DIR_PATH="$USER_HOME$/.anyenv/envs/rbenv/versions/2.1.5/bin">
        <VERSION_MANAGER ID="rbenv">
          <option name="gemset-name" />
          <distribution-id>2.1.5</distribution-id>
          <version-manager-path>$USER_HOME$/.rbenv/bin/rbenv</version-manager-path>
        </VERSION_MANAGER>
      </additional>
    </jdk>
    <jdk version="2">
      <name value="rbenv: 2.1.5" />
      <type value="RUBY_SDK" />
      <version value="ver.2.1.5p273 ( revision 48405) p273" />
      <homePath value="$USER_HOME$/.anyenv/envs/rbenv/versions/2.1.5/bin/ruby" />
      <roots>
        <annotationsPath>
          <root type="composite" />
        </annotationsPath>
        <classPath>
          <root type="composite">
            <root url="file://$USER_HOME$/.anyenv/envs/rbenv/rbenv.d/exec/gem-rehash" type="simple" />
            <root url="file://$USER_HOME$/.anyenv/envs/rbenv/versions/2.1.5/lib/ruby/site_ruby/2.1.0" type="simple" />
            <root url="file://$USER_HOME$/.anyenv/envs/rbenv/versions/2.1.5/lib/ruby/site_ruby/2.1.0/x86_64-darwin15.0" type="simple" />
            <root url="file://$USER_HOME$/.anyenv/envs/rbenv/versions/2.1.5/lib/ruby/site_ruby" type="simple" />
            <root url="file://$USER_HOME$/.anyenv/envs/rbenv/versions/2.1.5/lib/ruby/vendor_ruby/2.1.0" type="simple" />
            <root url="file://$USER_HOME$/.anyenv/envs/rbenv/versions/2.1.5/lib/ruby/vendor_ruby/2.1.0/x86_64-darwin15.0" type="simple" />
            <root url="file://$USER_HOME$/.anyenv/envs/rbenv/versions/2.1.5/lib/ruby/vendor_ruby" type="simple" />
            <root url="file://$USER_HOME$/.anyenv/envs/rbenv/versions/2.1.5/lib/ruby/2.1.0" type="simple" />
            <root url="file://$USER_HOME$/.anyenv/envs/rbenv/versions/2.1.5/lib/ruby/2.1.0/x86_64-darwin15.0" type="simple" />
            <root url="file://$APPLICATION_PLUGINS_DIR$/ruby/rubystubs/rubystubs21" type="simple" />
          </root>
        </classPath>
        <javadocPath>
          <root type="composite" />
        </javadocPath>
        <sourcePath>
          <root type="composite">
            <root url="file://$USER_HOME$/.anyenv/envs/rbenv/rbenv.d/exec/gem-rehash" type="simple" />
            <root url="file://$USER_HOME$/.anyenv/envs/rbenv/versions/2.1.5/lib/ruby/site_ruby/2.1.0" type="simple" />
            <root url="file://$USER_HOME$/.anyenv/envs/rbenv/versions/2.1.5/lib/ruby/site_ruby/2.1.0/x86_64-darwin15.0" type="simple" />
            <root url="file://$USER_HOME$/.anyenv/envs/rbenv/versions/2.1.5/lib/ruby/site_ruby" type="simple" />
            <root url="file://$USER_HOME$/.anyenv/envs/rbenv/versions/2.1.5/lib/ruby/vendor_ruby/2.1.0" type="simple" />
            <root url="file://$USER_HOME$/.anyenv/envs/rbenv/versions/2.1.5/lib/ruby/vendor_ruby/2.1.0/x86_64-darwin15.0" type="simple" />
            <root url="file://$USER_HOME$/.anyenv/envs/rbenv/versions/2.1.5/lib/ruby/vendor_ruby" type="simple" />
            <root url="file://$USER_HOME$/.anyenv/envs/rbenv/versions/2.1.5/lib/ruby/2.1.0" type="simple" />
            <root url="file://$USER_HOME$/.anyenv/envs/rbenv/versions/2.1.5/lib/ruby/2.1.0/x86_64-darwin15.0" type="simple" />
            <root url="file://$APPLICATION_PLUGINS_DIR$/ruby/rubystubs/rubystubs21" type="simple" />
          </root>
        </sourcePath>
      </roots>
      <additional NORMALIZED_VERSION_STRING="ver.2.1.5p273 ( revision 48405) p273" GEMS_BIN_DIR_PATH="$USER_HOME$/.anyenv/envs/rbenv/versions/2.1.5/bin">
        <VERSION_MANAGER ID="rbenv">
          <option name="gemset-name" />
          <distribution-id>2.1.5</distribution-id>
          <version-manager-path>$USER_HOME$/.rbenv/bin/rbenv</version-manager-path>
        </VERSION_MANAGER>
      </additional>
    </jdk>
    <jdk version="2">
      <name value="rbenv: 2.6.3" />
      <type value="RUBY_SDK" />
      <version value="ver.2.6.3p62 ( revision 67580) p62" />
      <homePath value="$USER_HOME$/.anyenv/envs/rbenv/versions/2.6.3/bin/ruby" />
      <roots>
        <annotationsPath>
          <root type="composite" />
        </annotationsPath>
        <classPath>
          <root type="composite">
            <root url="file://$USER_HOME$/.anyenv/envs/rbenv/rbenv.d/exec/gem-rehash" type="simple" />
            <root url="file://$USER_HOME$/.anyenv/envs/rbenv/versions/2.6.3/lib/ruby/gems/2.6.0/gems/did_you_mean-1.3.0/lib" type="simple" />
            <root url="file://$USER_HOME$/.anyenv/envs/rbenv/versions/2.6.3/lib/ruby/site_ruby/2.6.0" type="simple" />
            <root url="file://$USER_HOME$/.anyenv/envs/rbenv/versions/2.6.3/lib/ruby/site_ruby/2.6.0/x86_64-darwin18" type="simple" />
            <root url="file://$USER_HOME$/.anyenv/envs/rbenv/versions/2.6.3/lib/ruby/site_ruby" type="simple" />
            <root url="file://$USER_HOME$/.anyenv/envs/rbenv/versions/2.6.3/lib/ruby/vendor_ruby/2.6.0" type="simple" />
            <root url="file://$USER_HOME$/.anyenv/envs/rbenv/versions/2.6.3/lib/ruby/vendor_ruby/2.6.0/x86_64-darwin18" type="simple" />
            <root url="file://$USER_HOME$/.anyenv/envs/rbenv/versions/2.6.3/lib/ruby/vendor_ruby" type="simple" />
            <root url="file://$USER_HOME$/.anyenv/envs/rbenv/versions/2.6.3/lib/ruby/2.6.0" type="simple" />
            <root url="file://$USER_HOME$/.anyenv/envs/rbenv/versions/2.6.3/lib/ruby/2.6.0/x86_64-darwin18" type="simple" />
            <root url="file://$APPLICATION_PLUGINS_DIR$/ruby/rubystubs/rubystubs26" type="simple" />
          </root>
        </classPath>
        <javadocPath>
          <root type="composite" />
        </javadocPath>
        <sourcePath>
          <root type="composite">
            <root url="file://$USER_HOME$/.anyenv/envs/rbenv/rbenv.d/exec/gem-rehash" type="simple" />
            <root url="file://$USER_HOME$/.anyenv/envs/rbenv/versions/2.6.3/lib/ruby/gems/2.6.0/gems/did_you_mean-1.3.0/lib" type="simple" />
            <root url="file://$USER_HOME$/.anyenv/envs/rbenv/versions/2.6.3/lib/ruby/site_ruby/2.6.0" type="simple" />
            <root url="file://$USER_HOME$/.anyenv/envs/rbenv/versions/2.6.3/lib/ruby/site_ruby/2.6.0/x86_64-darwin18" type="simple" />
            <root url="file://$USER_HOME$/.anyenv/envs/rbenv/versions/2.6.3/lib/ruby/site_ruby" type="simple" />
            <root url="file://$USER_HOME$/.anyenv/envs/rbenv/versions/2.6.3/lib/ruby/vendor_ruby/2.6.0" type="simple" />
            <root url="file://$USER_HOME$/.anyenv/envs/rbenv/versions/2.6.3/lib/ruby/vendor_ruby/2.6.0/x86_64-darwin18" type="simple" />
            <root url="file://$USER_HOME$/.anyenv/envs/rbenv/versions/2.6.3/lib/ruby/vendor_ruby" type="simple" />
            <root url="file://$USER_HOME$/.anyenv/envs/rbenv/versions/2.6.3/lib/ruby/2.6.0" type="simple" />
            <root url="file://$USER_HOME$/.anyenv/envs/rbenv/versions/2.6.3/lib/ruby/2.6.0/x86_64-darwin18" type="simple" />
            <root url="file://$APPLICATION_PLUGINS_DIR$/ruby/rubystubs/rubystubs26" type="simple" />
          </root>
        </sourcePath>
      </roots>
      <additional NORMALIZED_VERSION_STRING="ver.2.6.3p62 ( revision 67580) p62" GEMS_BIN_DIR_PATH="$USER_HOME$/.anyenv/envs/rbenv/versions/2.6.3/bin">
        <VERSION_MANAGER ID="rbenv">
          <option name="gemset-name" />
          <distribution-id>2.6.3</distribution-id>
          <version-manager-path>$USER_HOME$/.rbenv/bin/rbenv</version-manager-path>
        </VERSION_MANAGER>
      </additional>
    </jdk>
    <jdk version="2">
      <name value="rbenv: 2.2.3" />
      <type value="RUBY_SDK" />
      <version value="ver.2.2.3p173 ( revision 51636) p173" />
      <homePath value="$USER_HOME$/.anyenv/envs/rbenv/versions/2.2.3/bin/ruby" />
      <roots>
        <annotationsPath>
          <root type="composite" />
        </annotationsPath>
        <classPath>
          <root type="composite">
            <root url="file://$USER_HOME$/.anyenv/envs/rbenv/rbenv.d/exec/gem-rehash" type="simple" />
            <root url="file://$USER_HOME$/.anyenv/envs/rbenv/versions/2.2.3/lib/ruby/site_ruby/2.2.0" type="simple" />
            <root url="file://$USER_HOME$/.anyenv/envs/rbenv/versions/2.2.3/lib/ruby/site_ruby/2.2.0/x86_64-darwin14" type="simple" />
            <root url="file://$USER_HOME$/.anyenv/envs/rbenv/versions/2.2.3/lib/ruby/site_ruby" type="simple" />
            <root url="file://$USER_HOME$/.anyenv/envs/rbenv/versions/2.2.3/lib/ruby/vendor_ruby/2.2.0" type="simple" />
            <root url="file://$USER_HOME$/.anyenv/envs/rbenv/versions/2.2.3/lib/ruby/vendor_ruby/2.2.0/x86_64-darwin14" type="simple" />
            <root url="file://$USER_HOME$/.anyenv/envs/rbenv/versions/2.2.3/lib/ruby/vendor_ruby" type="simple" />
            <root url="file://$USER_HOME$/.anyenv/envs/rbenv/versions/2.2.3/lib/ruby/2.2.0" type="simple" />
            <root url="file://$USER_HOME$/.anyenv/envs/rbenv/versions/2.2.3/lib/ruby/2.2.0/x86_64-darwin14" type="simple" />
            <root url="file://$APPLICATION_PLUGINS_DIR$/ruby/rubystubs/rubystubs22" type="simple" />
          </root>
        </classPath>
        <javadocPath>
          <root type="composite" />
        </javadocPath>
        <sourcePath>
          <root type="composite">
            <root url="file://$USER_HOME$/.anyenv/envs/rbenv/rbenv.d/exec/gem-rehash" type="simple" />
            <root url="file://$USER_HOME$/.anyenv/envs/rbenv/versions/2.2.3/lib/ruby/site_ruby/2.2.0" type="simple" />
            <root url="file://$USER_HOME$/.anyenv/envs/rbenv/versions/2.2.3/lib/ruby/site_ruby/2.2.0/x86_64-darwin14" type="simple" />
            <root url="file://$USER_HOME$/.anyenv/envs/rbenv/versions/2.2.3/lib/ruby/site_ruby" type="simple" />
            <root url="file://$USER_HOME$/.anyenv/envs/rbenv/versions/2.2.3/lib/ruby/vendor_ruby/2.2.0" type="simple" />
            <root url="file://$USER_HOME$/.anyenv/envs/rbenv/versions/2.2.3/lib/ruby/vendor_ruby/2.2.0/x86_64-darwin14" type="simple" />
            <root url="file://$USER_HOME$/.anyenv/envs/rbenv/versions/2.2.3/lib/ruby/vendor_ruby" type="simple" />
            <root url="file://$USER_HOME$/.anyenv/envs/rbenv/versions/2.2.3/lib/ruby/2.2.0" type="simple" />
            <root url="file://$USER_HOME$/.anyenv/envs/rbenv/versions/2.2.3/lib/ruby/2.2.0/x86_64-darwin14" type="simple" />
            <root url="file://$APPLICATION_PLUGINS_DIR$/ruby/rubystubs/rubystubs22" type="simple" />
          </root>
        </sourcePath>
      </roots>
      <additional NORMALIZED_VERSION_STRING="ver.2.2.3p173 ( revision 51636) p173" GEMS_BIN_DIR_PATH="$USER_HOME$/.anyenv/envs/rbenv/versions/2.2.3/bin">
        <VERSION_MANAGER ID="rbenv">
          <option name="gemset-name" />
          <distribution-id>2.2.3</distribution-id>
          <version-manager-path>$USER_HOME$/.rbenv/bin/rbenv</version-manager-path>
        </VERSION_MANAGER>
      </additional>
    </jdk>
    <jdk version="2">
      <name value="rbenv: 2.1.5" />
      <type value="RUBY_SDK" />
      <version value="ver.2.1.5p273 ( revision 48405) p273" />
      <homePath value="$USER_HOME$/.anyenv/envs/rbenv/versions/2.1.5/bin/ruby" />
      <roots>
        <annotationsPath>
          <root type="composite" />
        </annotationsPath>
        <classPath>
          <root type="composite">
            <root url="file://$USER_HOME$/.anyenv/envs/rbenv/rbenv.d/exec/gem-rehash" type="simple" />
            <root url="file://$USER_HOME$/.anyenv/envs/rbenv/versions/2.1.5/lib/ruby/site_ruby/2.1.0" type="simple" />
            <root url="file://$USER_HOME$/.anyenv/envs/rbenv/versions/2.1.5/lib/ruby/site_ruby/2.1.0/x86_64-darwin15.0" type="simple" />
            <root url="file://$USER_HOME$/.anyenv/envs/rbenv/versions/2.1.5/lib/ruby/site_ruby" type="simple" />
            <root url="file://$USER_HOME$/.anyenv/envs/rbenv/versions/2.1.5/lib/ruby/vendor_ruby/2.1.0" type="simple" />
            <root url="file://$USER_HOME$/.anyenv/envs/rbenv/versions/2.1.5/lib/ruby/vendor_ruby/2.1.0/x86_64-darwin15.0" type="simple" />
            <root url="file://$USER_HOME$/.anyenv/envs/rbenv/versions/2.1.5/lib/ruby/vendor_ruby" type="simple" />
            <root url="file://$USER_HOME$/.anyenv/envs/rbenv/versions/2.1.5/lib/ruby/2.1.0" type="simple" />
            <root url="file://$USER_HOME$/.anyenv/envs/rbenv/versions/2.1.5/lib/ruby/2.1.0/x86_64-darwin15.0" type="simple" />
            <root url="file://$APPLICATION_PLUGINS_DIR$/ruby/rubystubs/rubystubs21" type="simple" />
          </root>
        </classPath>
        <javadocPath>
          <root type="composite" />
        </javadocPath>
        <sourcePath>
          <root type="composite">
            <root url="file://$USER_HOME$/.anyenv/envs/rbenv/rbenv.d/exec/gem-rehash" type="simple" />
            <root url="file://$USER_HOME$/.anyenv/envs/rbenv/versions/2.1.5/lib/ruby/site_ruby/2.1.0" type="simple" />
            <root url="file://$USER_HOME$/.anyenv/envs/rbenv/versions/2.1.5/lib/ruby/site_ruby/2.1.0/x86_64-darwin15.0" type="simple" />
            <root url="file://$USER_HOME$/.anyenv/envs/rbenv/versions/2.1.5/lib/ruby/site_ruby" type="simple" />
            <root url="file://$USER_HOME$/.anyenv/envs/rbenv/versions/2.1.5/lib/ruby/vendor_ruby/2.1.0" type="simple" />
            <root url="file://$USER_HOME$/.anyenv/envs/rbenv/versions/2.1.5/lib/ruby/vendor_ruby/2.1.0/x86_64-darwin15.0" type="simple" />
            <root url="file://$USER_HOME$/.anyenv/envs/rbenv/versions/2.1.5/lib/ruby/vendor_ruby" type="simple" />
            <root url="file://$USER_HOME$/.anyenv/envs/rbenv/versions/2.1.5/lib/ruby/2.1.0" type="simple" />
            <root url="file://$USER_HOME$/.anyenv/envs/rbenv/versions/2.1.5/lib/ruby/2.1.0/x86_64-darwin15.0" type="simple" />
            <root url="file://$APPLICATION_PLUGINS_DIR$/ruby/rubystubs/rubystubs21" type="simple" />
          </root>
        </sourcePath>
      </roots>
      <additional NORMALIZED_VERSION_STRING="ver.2.1.5p273 ( revision 48405) p273" GEMS_BIN_DIR_PATH="$USER_HOME$/.anyenv/envs/rbenv/versions/2.1.5/bin">
        <VERSION_MANAGER ID="rbenv">
          <option name="gemset-name" />
          <distribution-id>2.1.5</distribution-id>
          <version-manager-path>$USER_HOME$/.rbenv/bin/rbenv</version-manager-path>
        </VERSION_MANAGER>
      </additional>
    </jdk>
    <jdk version="2">
      <name value="rbenv: 2.2.3" />
      <type value="RUBY_SDK" />
      <version value="ver.2.2.3p173 ( revision 51636) p173" />
      <homePath value="$USER_HOME$/.anyenv/envs/rbenv/versions/2.2.3/bin/ruby" />
      <roots>
        <annotationsPath>
          <root type="composite" />
        </annotationsPath>
        <classPath>
          <root type="composite">
            <root url="file://$USER_HOME$/.anyenv/envs/rbenv/rbenv.d/exec/gem-rehash" type="simple" />
            <root url="file://$USER_HOME$/.anyenv/envs/rbenv/versions/2.2.3/lib/ruby/site_ruby/2.2.0" type="simple" />
            <root url="file://$USER_HOME$/.anyenv/envs/rbenv/versions/2.2.3/lib/ruby/site_ruby/2.2.0/x86_64-darwin14" type="simple" />
            <root url="file://$USER_HOME$/.anyenv/envs/rbenv/versions/2.2.3/lib/ruby/site_ruby" type="simple" />
            <root url="file://$USER_HOME$/.anyenv/envs/rbenv/versions/2.2.3/lib/ruby/vendor_ruby/2.2.0" type="simple" />
            <root url="file://$USER_HOME$/.anyenv/envs/rbenv/versions/2.2.3/lib/ruby/vendor_ruby/2.2.0/x86_64-darwin14" type="simple" />
            <root url="file://$USER_HOME$/.anyenv/envs/rbenv/versions/2.2.3/lib/ruby/vendor_ruby" type="simple" />
            <root url="file://$USER_HOME$/.anyenv/envs/rbenv/versions/2.2.3/lib/ruby/2.2.0" type="simple" />
            <root url="file://$USER_HOME$/.anyenv/envs/rbenv/versions/2.2.3/lib/ruby/2.2.0/x86_64-darwin14" type="simple" />
            <root url="file://$APPLICATION_PLUGINS_DIR$/ruby/rubystubs/rubystubs22" type="simple" />
          </root>
        </classPath>
        <javadocPath>
          <root type="composite" />
        </javadocPath>
        <sourcePath>
          <root type="composite">
            <root url="file://$USER_HOME$/.anyenv/envs/rbenv/rbenv.d/exec/gem-rehash" type="simple" />
            <root url="file://$USER_HOME$/.anyenv/envs/rbenv/versions/2.2.3/lib/ruby/site_ruby/2.2.0" type="simple" />
            <root url="file://$USER_HOME$/.anyenv/envs/rbenv/versions/2.2.3/lib/ruby/site_ruby/2.2.0/x86_64-darwin14" type="simple" />
            <root url="file://$USER_HOME$/.anyenv/envs/rbenv/versions/2.2.3/lib/ruby/site_ruby" type="simple" />
            <root url="file://$USER_HOME$/.anyenv/envs/rbenv/versions/2.2.3/lib/ruby/vendor_ruby/2.2.0" type="simple" />
            <root url="file://$USER_HOME$/.anyenv/envs/rbenv/versions/2.2.3/lib/ruby/vendor_ruby/2.2.0/x86_64-darwin14" type="simple" />
            <root url="file://$USER_HOME$/.anyenv/envs/rbenv/versions/2.2.3/lib/ruby/vendor_ruby" type="simple" />
            <root url="file://$USER_HOME$/.anyenv/envs/rbenv/versions/2.2.3/lib/ruby/2.2.0" type="simple" />
            <root url="file://$USER_HOME$/.anyenv/envs/rbenv/versions/2.2.3/lib/ruby/2.2.0/x86_64-darwin14" type="simple" />
            <root url="file://$APPLICATION_PLUGINS_DIR$/ruby/rubystubs/rubystubs22" type="simple" />
          </root>
        </sourcePath>
      </roots>
      <additional NORMALIZED_VERSION_STRING="ver.2.2.3p173 ( revision 51636) p173" GEMS_BIN_DIR_PATH="$USER_HOME$/.anyenv/envs/rbenv/versions/2.2.3/bin">
        <VERSION_MANAGER ID="rbenv">
          <option name="gemset-name" />
          <distribution-id>2.2.3</distribution-id>
          <version-manager-path>$USER_HOME$/.rbenv/bin/rbenv</version-manager-path>
        </VERSION_MANAGER>
      </additional>
    </jdk>
    <jdk version="2">
      <name value="rbenv: 2.6.3" />
      <type value="RUBY_SDK" />
      <version value="ver.2.6.3p62 ( revision 67580) p62" />
      <homePath value="$USER_HOME$/.anyenv/envs/rbenv/versions/2.6.3/bin/ruby" />
      <roots>
        <annotationsPath>
          <root type="composite" />
        </annotationsPath>
        <classPath>
          <root type="composite">
            <root url="file://$USER_HOME$/.anyenv/envs/rbenv/rbenv.d/exec/gem-rehash" type="simple" />
            <root url="file://$USER_HOME$/.anyenv/envs/rbenv/versions/2.6.3/lib/ruby/gems/2.6.0/gems/did_you_mean-1.3.0/lib" type="simple" />
            <root url="file://$USER_HOME$/.anyenv/envs/rbenv/versions/2.6.3/lib/ruby/site_ruby/2.6.0" type="simple" />
            <root url="file://$USER_HOME$/.anyenv/envs/rbenv/versions/2.6.3/lib/ruby/site_ruby/2.6.0/x86_64-darwin18" type="simple" />
            <root url="file://$USER_HOME$/.anyenv/envs/rbenv/versions/2.6.3/lib/ruby/site_ruby" type="simple" />
            <root url="file://$USER_HOME$/.anyenv/envs/rbenv/versions/2.6.3/lib/ruby/vendor_ruby/2.6.0" type="simple" />
            <root url="file://$USER_HOME$/.anyenv/envs/rbenv/versions/2.6.3/lib/ruby/vendor_ruby/2.6.0/x86_64-darwin18" type="simple" />
            <root url="file://$USER_HOME$/.anyenv/envs/rbenv/versions/2.6.3/lib/ruby/vendor_ruby" type="simple" />
            <root url="file://$USER_HOME$/.anyenv/envs/rbenv/versions/2.6.3/lib/ruby/2.6.0" type="simple" />
            <root url="file://$USER_HOME$/.anyenv/envs/rbenv/versions/2.6.3/lib/ruby/2.6.0/x86_64-darwin18" type="simple" />
            <root url="file://$APPLICATION_PLUGINS_DIR$/ruby/rubystubs/rubystubs26" type="simple" />
          </root>
        </classPath>
        <javadocPath>
          <root type="composite" />
        </javadocPath>
        <sourcePath>
          <root type="composite">
            <root url="file://$USER_HOME$/.anyenv/envs/rbenv/rbenv.d/exec/gem-rehash" type="simple" />
            <root url="file://$USER_HOME$/.anyenv/envs/rbenv/versions/2.6.3/lib/ruby/gems/2.6.0/gems/did_you_mean-1.3.0/lib" type="simple" />
            <root url="file://$USER_HOME$/.anyenv/envs/rbenv/versions/2.6.3/lib/ruby/site_ruby/2.6.0" type="simple" />
            <root url="file://$USER_HOME$/.anyenv/envs/rbenv/versions/2.6.3/lib/ruby/site_ruby/2.6.0/x86_64-darwin18" type="simple" />
            <root url="file://$USER_HOME$/.anyenv/envs/rbenv/versions/2.6.3/lib/ruby/site_ruby" type="simple" />
            <root url="file://$USER_HOME$/.anyenv/envs/rbenv/versions/2.6.3/lib/ruby/vendor_ruby/2.6.0" type="simple" />
            <root url="file://$USER_HOME$/.anyenv/envs/rbenv/versions/2.6.3/lib/ruby/vendor_ruby/2.6.0/x86_64-darwin18" type="simple" />
            <root url="file://$USER_HOME$/.anyenv/envs/rbenv/versions/2.6.3/lib/ruby/vendor_ruby" type="simple" />
            <root url="file://$USER_HOME$/.anyenv/envs/rbenv/versions/2.6.3/lib/ruby/2.6.0" type="simple" />
            <root url="file://$USER_HOME$/.anyenv/envs/rbenv/versions/2.6.3/lib/ruby/2.6.0/x86_64-darwin18" type="simple" />
            <root url="file://$APPLICATION_PLUGINS_DIR$/ruby/rubystubs/rubystubs26" type="simple" />
          </root>
        </sourcePath>
      </roots>
      <additional NORMALIZED_VERSION_STRING="ver.2.6.3p62 ( revision 67580) p62" GEMS_BIN_DIR_PATH="$USER_HOME$/.anyenv/envs/rbenv/versions/2.6.3/bin">
        <VERSION_MANAGER ID="rbenv">
          <option name="gemset-name" />
          <distribution-id>2.6.3</distribution-id>
          <version-manager-path>$USER_HOME$/.rbenv/bin/rbenv</version-manager-path>
        </VERSION_MANAGER>
      </additional>
    </jdk>
  </component>
</application>