<application>
  <component name="AppInspectionProfilesVisibleTreeState">
    <entry key="Default">
      <profile-state>
        <expanded-state>
          <State>
            <id />
          </State>
        </expanded-state>
        <selected-state>
          <State>
            <id>Android</id>
          </State>
        </selected-state>
      </profile-state>
    </entry>
  </component>
  <component name="CvsApplicationLevelConfiguration">
    <option name="PATH_TO_PASSWORD_FILE" value="$userdir/.cvspass" />
  </component>
  <component name="DBNavigator.Application.Settings">
    <enable-debug-mode value="false" />
    <enable-developer-mode value="false" />
    <show-plugin-conflict-dialog value="false" />
  </component>
  <component name="PropertiesComponent">
    <property name="ActionMacroConfigurationPanel.SPLITTER_PROPORTION" value="0.5" />
    <property name="ColorChooser.RecentColors" value="255-105-137-255,,,141-25-255-255,,,165-139-255-255,,,253-182-120-255,,,227-60-170-255" />
    <property name="CommitChangeListDialog.DETAILS_SPLITTER_PROPORTION_2" value="0.64450866" />
    <property name="Copy.OpenInEditor" value="true" />
    <property name="DefaultHtmlDoctype.MigrateToHtml5" value="true" />
    <property name="DefaultHtmlDoctype.Refreshed" value="2" />
    <property name="ExpandBeforeRunStepsPanel" value="true" />
    <property name="ExpandRunDashboardTypesPanel" value="false" />
    <property name="FileTemplates.SelectedTemplate" value="HTML File" />
    <property name="GCT_CLOUD_SDK_HOME_PATH" value="/usr/local/src/google-cloud-sdk" />
    <property name="GOOGLE_CLOUD_TOOLS_USAGE_TRACKER_OPT_IN" value="false" />
    <property name="GoToClass.includeLibraries" value="false" />
    <property name="GoToClass.toSaveIncludeLibraries" value="false" />
    <property name="GoToFile.includeJavaFiles" value="false" />
    <property name="INSPECTION_FILTER_HISTORY" value="sugar&#10;for&#10;&quot;New in 14&quot;" />
    <property name="InstalledPluginsSearchHistory" value="ruby&#10;bundler" />
    <property name="JSHintOptionsTreeView.TREE_SCROLL_BAR_HORIZONTAL" value="18" />
    <property name="JSHintOptionsTreeView.TREE_SCROLL_BAR_VERTICAL" value="0" />
    <property name="JSHintOptionsTreeView.TREE_SELECTED_NODE_ID" value="1" />
    <property name="KEYMAP" value="jump&#10;implicit&#10;minimal&#10;tab&#10;move to" />
    <property name="LayoutCode.optimizeImports" value="false" />
    <property name="MemberChooser.copyJavadoc" value="false" />
    <property name="MemberChooser.showClasses" value="true" />
    <property name="PLUGIN_FILTER" value="markdown&#10;proto&#10;google cloud tool&#10;google cloud&#10;scala" />
    <property name="RubyTestUnitSupport.openFailureLine" value="false" />
    <property name="SearchEveryWhereHistory" value="sonaty&#10;plugins&#10;[G&#10;build.s&#10;plugin" />
    <property name="SettingsSearchHistory" value="bundler&#10;working&#10;sbt&#10;scala&#10;type alias" />
    <property name="ShowDocumentationInToolWindow" value="false" />
    <property name="SplitFileEditor.Proportion" value="0.5449838" />
    <property name="TrendingPluginsSearchHistory" value="bundler&#10;bundle&#10;rails&#10;vim&#10;ruby" />
    <property name="android-component-compatibility-check" value="1515112370674" />
    <property name="build.toolwindow.Sync.selection.state" value="com.intellij.build.BuildTreeConsoleView" />
    <property name="com.intellij.diagnostic.IdeErrorsDialogactiveTab" value="0" />
    <property name="com.intellij.history.integration.ui.views.FileHistoryDialog.0" value="300" />
    <property name="com.intellij.history.integration.ui.views.FileHistoryDialog.1" value="800" />
    <property name="com.intellij.openapi.roots.ui.configuration.TabbedModuleEditor.selectedEditor" value="Dependencies" />
    <property name="create.project.preferred.importer" value="SBT" />
    <property name="decompiler.legal.notice.accepted" value="true" />
    <property name="defaultJdkConfigured" value="true" />
    <property name="evlsprt3.182" value="15" />
    <property name="evlsprt3.183" value="11" />
    <property name="export.settings.path" value="$USER_HOME$/dotfiles/Preferences/IntelliJ/settings.zip" />
    <property name="file.chooser.recent.files" value="$USER_HOME$/Code/github/supervisor&#10;/Users/petitviolet/Code/github/circuit-breaker-prac&#10;/Users/petitviolet/Code/github/akka-stream-prac&#10;/Users/petitviolet/Code/github&#10;/Library/Java/JavaVirtualMachines/jdk1.8.0_31.jdk/Contents/Home&#10;/Users/petitviolet/dotfiles/Preferences/IntelliJ/settings.jar&#10;/Users/petitviolet/Code/gitlab/aerospike-tool&#10;/Users/petitviolet/Code/scala/akka-actor-persistence-ex&#10;/Users/petitviolet/Code/github/fsm-actor-ex&#10;/Users/petitviolet&#10;/Users/petitviolet/Code/gitlab/milan_lab&#10;/Users/petitviolet/Code/scala/akka-http-todo&#10;/Users/petitviolet/Code/github/sbt-dotenv&#10;/Users/petitviolet/Code/gitlab/messi&#10;/Users/petitviolet/Code/gitlab&#10;/Users/petitviolet/Code/scala/akka-http-slick-ddd&#10;/Users/petitviolet/Code/scala/MinimalCakeGenerator/Scala-MinimalCakeGenerator.jar&#10;/Users/petitviolet/Code/scala/MinimalCakeGenerator/MinimalCakeGenerator.jar&#10;/Applications/IntelliJ IDEA 15 CE.app/Contents&#10;/Users/petitviolet/Code/scala/akka-http-microservice-prac&#10;/Users/petitviolet/Code/scala/akka-http-rest-prac&#10;/Users/petitviolet/Code/github/akka-ddd&#10;/Users/petitviolet/Code/github/ddd-leaven-akka&#10;/Users/petitviolet/Code/github/spetstore&#10;/Users/petitviolet/Code/github/scala-sandbox&#10;/Users/petitviolet/.ivy2" />
    <property name="file.colors.enable.non.project" value="Yellow" />
    <property name="file.colors.enable.tests" value="Green" />
    <property name="file.gist.reindex.count" value="1059" />
    <property name="fileTypeChangedCounter" value="3" />
    <property name="ideavim.statistics.timestamp" value="1560070193940" />
    <property name="installation.uid" value="1e6fe0c9-6505-4b59-806c-fd0337ae5200" />
    <property name="installed.kotlin.plugin.version" value="1.1.4-release-IJ2017.2-3" />
    <property name="java.module.default.source.root" value="src" />
    <property name="jdk.selected.JAVA_MODULE" value="1.8" />
    <property name="jdk.selected.PLUGIN_MODULE" value="IntelliJ IDEA Community Edition IC-143.382.35" />
    <property name="jdk.selected.RUBY_MODULE" value="rbenv: 2.6.3" />
    <property name="last.imported.location" value="$USER_HOME$/Code/github/scala-operator" />
    <property name="log.debug.categories" value="" />
    <property name="param.hints.settings.last.edited.language" value="Scala" />
    <property name="plugins.preselection.path" value="$USER_HOME$/Code/scala/MinimalCakeGenerator" />
    <property name="project.wizard.group" value="RubyGem" />
    <property name="project.wizard.template" value="Ruby on Rails" />
    <property name="rake.run.task.popup.search.mask" value="" />
    <property name="scala.last.updated" value="1558405293675" />
    <property name="search.everywhere.max.popup.width" value="682" />
    <property name="selected.color.option.type" value="Scala Type parameter" />
    <property name="settings.code.style.selected.tab.Scala" value="Spaces" />
    <property name="sm_test_statistics_table_columnsOrder0" value="0" />
    <property name="sm_test_statistics_table_columnsOrder1" value="1" />
    <property name="sm_test_statistics_table_columnsOrder2" value="2" />
    <property name="sm_test_statistics_table_columnsWidth0" value="75" />
    <property name="sm_test_statistics_table_columnsWidth1" value="75" />
    <property name="sm_test_statistics_table_columnsWidth2" value="75" />
    <property name="toolwindow.stripes.buttons.info.shown" value="true" />
    <property name="ts.lib.d.ts.version" value="3.2.1" />
  </component>
  <component name="SbtSettings">
    <option name="jdkHome" value="" />
    <option name="sbtLauncherVmParameters" value="-server -Xmx1024M -Xms512M -XX:MaxMetaspaceSize=128M  -XX:+ScavengeBeforeFullGC -XX:+CMSScavengeBeforeRemark -XX:+UseCompressedOops" />
  </component>
</application>