<application>
  <component name="UISettings">
    <option name="CONSOLE_COMMAND_HISTORY_LIMIT" value="3000" />
    <option name="FONT_FACE" value="Ricty" />
    <option name="FONT_SIZE" value="14" />
    <option name="HIDE_TOOL_STRIPES" value="false" />
    <option name="MAX_CLIPBOARD_CONTENTS" value="200" />
    <option name="MAX_LOOKUP_LIST_HEIGHT" value="16" />
    <option name="RECENT_FILES_LIMIT" value="200" />
    <option name="SHOW_MAIN_TOOLBAR" value="true" />
    <option name="SHOW_MEMORY_INDICATOR" value="true" />
  </component>
</application>