<code_scheme name="MyCodeStyle" version="173">
  <option name="JD_ADD_BLANK_AFTER_DESCRIPTION" value="false" />
  <JavaCodeStyleSettings>
    <option name="JD_ADD_BLANK_AFTER_DESCRIPTION" value="false" />
  </JavaCodeStyleSettings>
  <MarkdownNavigatorCodeStyleSettings>
    <option name="RIGHT_MARGIN" value="72" />
  </MarkdownNavigatorCodeStyleSettings>
  <ScalaCodeStyleSettings>
    <option name="KEEP_ONE_LINE_LAMBDAS_IN_ARG_LIST" value="true" />
    <option name="USE_SCALADOC2_FORMATTING" value="false" />
    <option name="SPACES_IN_ONE_LINE_BLOCKS" value="true" />
    <option name="SPACES_IN_IMPORTS" value="true" />
    <option name="NEWLINE_AFTER_ANNOTATIONS" value="true" />
  </ScalaCodeStyleSettings>
  <XML>
    <option name="XML_LEGACY_SETTINGS_IMPORTED" value="true" />
  </XML>
  <codeStyleSettings language="JAVA">
    <option name="KEEP_LINE_BREAKS" value="false" />
    <indentOptions>
      <option name="INDENT_SIZE" value="2" />
      <option name="CONTINUATION_INDENT_SIZE" value="4" />
      <option name="TAB_SIZE" value="2" />
    </indentOptions>
  </codeStyleSettings>
  <codeStyleSettings language="Scala">
    <option name="KEEP_FIRST_COLUMN_COMMENT" value="true" />
    <option name="BLANK_LINES_AROUND_CLASS" value="0" />
    <option name="ALIGN_MULTILINE_PARAMETERS" value="false" />
    <option name="KEEP_SIMPLE_BLOCKS_IN_ONE_LINE" value="true" />
    <option name="KEEP_SIMPLE_METHODS_IN_ONE_LINE" value="true" />
  </codeStyleSettings>
</code_scheme>